id_personal,nombre
0,Oswaldo Zedillo
1,Aldo Ibarra
2,Micaela Padron
3,Manuel Castro
4,Alicia Cristal Ocasio Ramirez
5,Rosario Arce Montaño
6,Flavio Aguirre
7,Cristal Gaona Vazquez
8,Itzel Madrid Tello
9,Nancy Perales
10,Eugenio Villanueva
11,Jose Maria Varela
12,Ignacio Almanza Velasquez
13,Lourdes Mendez
14,Nayeli Bernardo Tamez Calderon
15,Emiliano Gerardo Muñoz
16,Horacio Graciela Quesada
17,Sofia Monica Mayorga
18,Carla Jaramillo Garibay
19,Estela Marroquin Ortiz
20,Ilse Alejandra Bustos
21,Minerva Barrios Concepcion
22,Elisa Cortez
23,Juan Carlos Uriel Romero
24,Ariadna Gaona Ledesma
25,Susana Caldera
26,Estefania Ocampo Raya
27,Augusto Carlos Gallardo
28,Jose Luis Karla Valverde
29,Maria Jose Perales
30,Ofelia Navarro Davila
31,Lucia Palomo Olivera
32,Emilio Asuncion Luevano
33,Soledad Beltran
34,Dulce Omar Rivas
35,Felix Hernandes
36,Maria Teresa Samuel Segovia
37,Ricardo Julia Archuleta
38,Liliana Juan Carlos Padron
39,Isabel Estefania Olmos Cordero
40,Isabela Gil Espinosa
41,Isaac Armas Tejada
42,Pilar Meraz Reynoso
43,Bruno Indira Olivas Galvon
44,Victoria Jorge Arredondo Madrigal
45,Irene Villagomez Velazquez
46,Sessa Ordoñez
47,Ana Noelia Barrios
48,Jesus Henriquez
49,Sergio Gil
50,Augusto Cordero Jasso
51,Jose Eduardo Javier Casillas
52,Mercedes Martinez
53,Rosalia Rocio Vazquez Granados
54,Santiago Guillen Esquibel
55,Augusto Margarita Crespo
56,Modesto Lucero Luna
57,Maria del Carmen Rodolfo Blanco Romo
58,Adan Gilberto Lomeli Escobar
59,Juan Carlos Carvajal Zamora
60,Natalia Delgadillo Robledo
61,Ruben Mora
62,Ana Acevedo Munguia
63,Zeferino Sofia Ortega
64,Mateo Claudio Leiva Valle
65,Maria Eugenia Robledo Arteaga
66,Jose Manuel Olga Perales
67,Yolanda Blanco
68,Dulce Maria Salvador Escamilla
69,Ana Mesa
70,Genaro Valentin
71,Tomas Valdez Serrano
72,Clara Zavala
73,Benito Heredia Leal
74,Reina Jose Carlos Espino Riojas
75,Maria Elena Ana Aguilera Aparicio
76,Abelardo Linares
77,Anabel Emilia Zamora avalos
78,Rocio Gurule
79,Flavio Paulina Vasquez Ybarra
80,Jos Zavala Salazar
81,Lorenzo Soto
82,Alfonso German Baez Moreno
83,Felipe del Valle
84,Octavio Caballero
85,Humberto Carreón
86,Hugo Jose Manuel Aguilera Olvera
87,Ivonne Montenegro
88,Nadia Cedillo
89,Elena Estrada
90,Laura Ramon
91,Rosario Gregorio Godoy Jaimes
92,Susana Miramontes
93,Ana Luisa Delgado
94,Enrique Tamez
95,Diana Martha Menchaca
96,Julio Genaro Alfaro Ojeda
97,Ivan Aviles de Jesus
98,Claudio Joaquin Porras
99,Victoria Maria Teresa Chapa
100,Abril Luisa Yañez Hinojosa
101,Horacio Mercado
102,Aurora Jaquez
103,Alta  Gracia Corona
104,Ruby Soria
105,Maria Teresa Sarabia
106,Rosario Jorge Luis de la Fuente Coronado
107,Cecilia Guillermo Castillo
108,Leonor Eric Mireles
109,Alfredo Salcedo
110,Jaime Vega Colon
111,Karla Casares
112,Liliana Quintero
113,Natalia Patiño
114,Wendolin Feliciano
115,Pedro Caballero
116,Gustavo Hernandez
117,Juan Carlos Abigail Anguiano Adame
118,Ricardo Rocio Acuña
119,Linda Cortes
120,Sessa Esther Correa Godonez
121,Abraham Leiva
122,Tomas Solis
123,Maria Eugenia Centeno
124,Magdalena Corona
125,Rufino Aguilera
126,Graciela Rosas
127,Julio Veronica Zayas Nevarez
128,Alma Cisneros
129,Abel Treviño
130,Aldonza Irizarry Barragan
131,Amalia Teodoro Cano Almaraz
132,Victor Castro
133,Rosario Rojas Guardado
134,Carlota Evelio Rocha Alfaro
135,Leonardo Antonia Coronado Quintero
136,Pascual Cornejo
137,Mateo Soto Moya
138,Jose Paulina Velez Ponce
139,Noemi Luna
140,Jose Carlos Rocio Delgado
141,Maria Elena Olivo
142,Guillermo Figueroa Casanova
143,Caridad Alejandro Collado Esquivel
144,Federico Zacarias Mejia Burgos
145,Jeronimo Grijalva Garrido
146,Amelia Israel del Rio Dominguez
147,Jaime Marisol Madrid
148,Eloy Valadez Lemus
149,Aldo Ulloa Vera
150,Javier Matias
151,Rosalia Zacarias Cazares
152,Espartaco Leiva Irizarry
153,Pedro Ruelas
154,Olga Montez
155,Florencia Montero Chacan
156,Irma Davila
157,Augusto Clara Sanchez Colon
158,Ricardo Garay
159,Abel Alfredo Vargas
160,Cristian Teodoro Oquendo
161,Sofia Orellana Rosas
162,Leticia Ureña
163,Isabel Alvarez
164,Marisol Oquendo
165,Antonia Pacheco
166,Jorge Muñiz
167,Jose Jose Eduardo Barraza Covarrubias
168,Caridad Ceja
169,Abraham Gurule Menchaca
170,Berta Malave Zepeda
171,Dario Tomas Longoria Linares
172,Mario Jaime
173,Julio Llamas
174,Angela Esperanza Cortez Rosas
175,Julio Cesar Quiñonez Pantoja
176,Alejandro Maria Cristina Esquivel Martinez
177,Sara Villareal
178,Hugo Castro
179,Pablo Gallardo
180,Marcos Martin Valadez Zambrano
181,Karla Bonilla Otero
182,Jacobo Indira Mares
183,Irene Mora
184,Bernardo Raul Niño
185,Minerva Israel Santacruz Sierra
186,Dolores Hector Mata
187,Alicia Espinosa
188,Berta Vega
189,Caridad Sergio Vargas
190,Carlota Archuleta
191,Marisol Montaño Hinojosa
192,Karla Cotto Reyes
193,Graciela Gilberto Tamayo
194,Noelia Trujillo
195,Beatriz Montañez Mena
196,Mariano Hinojosa
197,Mauricio Ochoa
198,Esperanza Josefina Gamez
199,Itzel Riojas
200,Sandra Maldonado Mejia
201,Raquel Cornejo
202,Jacinto Gabriel Otero
203,Ursula Terrazas Viera
204,Amelia Mayorga
205,Amanda Pulido
206,Reina Adan Baeza Paez
207,Estefania Naranjo Nevarez
208,Ariadna Ferrer
209,Alejandro Rosario
210,Maria Jose Berrios
211,Ignacio Gamboa
212,Elena Octavio Longoria
213,Dulce Samuel Altamirano
214,Gustavo Rodrigez
215,Adalberto Pabon Fajardo
216,Yeni Rosa Acosta Lemus
217,Ursula Sierra
218,Alvaro Amanda Soto Jaimes
219,Gregorio Aurelio Olivas Solorzano
220,Norma Calderon
221,Cristian Frias
222,Gonzalo Arcelia Vanegas Centeno
223,Maria Eugenia Arroyo
224,Hector Nadia Concepcion
225,Cornelio Ramos de la Rosa
226,Silvano Julio Cesar Tamayo
227,Alicia Concepcion Canales
228,Javier Raul Cervantez
229,Anabel Melgar Galvez
230,Gerardo Mendez Ureña
231,Daniela Laureano
232,Leticia Alejandra Lerma
233,Cynthia Sosa
234,Hermelinda Alcala
235,Julio Citlali Alvarado Arenas
236,Julio Cesar Velasco
237,Rosalia Huerta
238,Dabora Barajas Moya
239,Leonor Margarita Meza Barrera
240,Esther Maria Elena Ceja de Leon
241,Angela Magaña Contreras
242,Mercedes Zelaya
243,Esmeralda Anguiano
244,Flavio Becerra
245,Reynaldo Porfirio Galvon
246,Juan Carlos Bañuelos
247,Rocio Itzel Matias
248,Rafael Brito
249,Violeta Eugenia Quiroz Sisneros
250,Sergio Escamilla Oquendo
251,Abril Alfredo Alcantar Nevarez
252,Santiago Gustavo Ulloa Trujillo
253,Rafael Granado Jaimes
254,Rodrigo Esperanza Roque Nava
255,Rocio Cotto Lemus
256,Margarita Benitez
257,Clara Leticia Orosco
258,Frida Soria
259,Esteban Ruby Calvillo Arroyo
260,Rufino Velasco
261,Uriel Concepcion
262,Gonzalo Jorge Suarez Caldera
263,Mario Estefania Ybarra Rojo
264,Miguel Angel Figueroa
265,Arcelia Jesus Robles
266,Luz Madera Gallardo
267,Amanda Gracia
268,Adela Ledesma
269,Jose Manuel Arturo Caldera
270,German Galvon
271,Noemi Ariadna Padron
272,Ignacio Muñiz
273,Nelly Julio Pichardo Jaramillo
274,Julia Valdivia Florez
275,German Otero Pichardo
276,Teodoro Zepeda Chavarria
277,Eva Cervantes
278,Indira Karina de Anda Verduzco
279,Julio Carrero Esparza
280,Angelica Mesa
281,Emilia Delgado
282,Alma Zacarias Sauceda
283,Augusto Irene Ceballos
284,Nelly Prado Calderon
285,Ricardo Ernesto Salcido Chacan
286,Hilda Burgos Rascon
287,Dario Emiliano Razo Dominguez
288,Humberto Palomo Arguello
289,Estela Godonez
290,Jose Rios Rincon
291,Paulina Chavez
292,Tomas Olvera
293,Aida Espinoza
294,Florencia Cynthia Lugo Laboy
295,Delia Riojas Lozada
296,Indira Armenderiz
297,Maximiliano Malave Serrano
298,Concepcion Jorge Luis Zuñiga
299,Jesus Teron
300,Teresa Pedro Arce
301,Aldonza Aldo Lozano
302,Emilia Cadena
303,Veronica Madrid Alba
304,Patricio Rico Salinas
305,Omar Elena Samaniego
306,Noemi Ruiz
307,Jacobo Sofia Arteaga
308,Ruby Abigail Bustos Solorio
309,Antonio Ariadna Escamilla Guerra
310,Daniela Polanco Avila
311,Paulina Berta Segura Alcaraz
312,Georgina Barreto
313,Cornelio Sessa Lucero Suenz
314,Karla Garibay Niño
315,Anel Rios
316,Fidel Emiliano Molina
317,Leonor Emilio Sosa
318,Eduardo Pulido
319,Irma Casillas
320,Pascual Miranda
321,Nicolas Camacho
322,Elena Garrido Juarez
323,Jacobo Ramirez
324,Abraham Graciela Serna Zambrano
325,Ofelia Paola Ceballos
326,Mitzy Partida
327,Mitzy Quiroz Valenzuela
328,Norma Figueroa Arias
329,Bernabe Eugenio Ferrer Reyna
330,Camilo Camilo Bañuelos
331,Lorenzo Marcela Maldonado
332,Mauro Nazario
333,Renato Dueñas
334,Esperanza Rufino Barrios
335,Bianca Alejandro Llamas Carreon
336,Cristina Mariana Ocampo
337,Maria Luisa Horacio Pelayo Rios
338,Lucas Rolando Rico
339,Gustavo Jonas Baca
340,Martha Ceja
341,Margarita Aldo Ramos
342,Modesto Lozada
343,Laura Jeronimo Ferrer Salcido
344,Gabino Madrigal Mayorga
345,Rosario Aurelio Concepcion
346,Miriam Granado
347,Jesus Aguilar
348,Patricio Alfonso Sanchez
349,Paola Bañuelos Patiño
350,Amador Eric avalos
351,Juan Rosales
352,Ofelia Marcela Valles
353,Uriel Melgar González
354,Pedro Irma Marroquin
355,Anel Ursula Laureano
356,Aurora Aragon
357,Sonia Valencia Suarez
358,Jesus Collado Mercado
359,Jose Torres Perea
360,Tomas Gonzales Quintero
361,Maximiliano Guadalupe Sepulveda Limon
362,Martin Muro Escobar
363,Cynthia Isaac Acuña Almonte
364,Pedro Casares
365,Nelly Rosa Quintero
366,Minerva Casares
367,Rosa Tello
368,Caridad Galindo
369,Pascual Maria Eugenia Villegas Calvillo
370,Natividad Rascon Lozano
371,Joaquin Almonte
372,Frida Santiago Valles
373,Ana Luisa Benitez
374,Mercedes Reyes
375,Renato Giron Valles
376,Alicia Morales
377,Marco Antonio Robles
378,Nancy Esteban Salgado Ybarra
379,Raquel Carreon
380,Eugenia Esperanza Galarza Mendez
381,Israel Melendez
382,Estefania Bermudez
383,Daniel Velez Ferrer
384,Timoteo Amelia Ojeda Prado
385,Josefina Vega
386,Anel Caballero Ceballos
387,Angela Karina Mares
388,Alejandro Montoya
389,Elisa Varela
390,Lorenzo Camilo Quintanilla
391,Gerardo Pulido
392,Frida Marrero
393,Maria Cristina Zavala Rivera
394,Rosa Barrios
395,Dalia Jeronimo Arevalo Cordova
396,Dolores Manuel Castillo Leiva
397,Minerva Raya
398,Horacio Alfredo Valle
399,Angela Resendez Castro
400,Karla Nevarez Delgado
401,Aldonza Zoe Terrazas Alonso
402,Julio Tallez
403,Daniela Trinidad Alvarez Menchaca
404,Aurelio Pablo Sanches
405,Fabiola Luis Manuel Morales Davila
406,Natividad Roybal
407,Gabino Concepcion
408,Agustin Patricia Pacheco Treviño
409,Antonio Alma Lopez Tapia
410,Georgina Nieto Nuñez
411,Monica Sotelo
412,Caridad Abelardo Cepeda
413,Jeronimo Vazquez Madera
414,Esparta Muñiz
415,Homero Sandoval
416,Adan Bernardo Hurtado
417,Blanca Horacio Guardado
418,Gloria Maldonado Soliz
419,Jeronimo Barreto
420,Alejandra Murillo
421,Rafael Arturo Guardado Barreto
422,Reina Burgos
423,Susana Mateo
424,Abraham Uriel Gastulum Nieto
425,Martha Santillon
426,Sessa David Mejia Marrero
427,Estela Pedro Guevara Casarez
428,Patricia Cristina Garza
429,Yuridia Lucia Chavarria
430,Concepcion Miramontes Viera
431,Eloisa Ledesma Robledo
432,Yeni Florez
433,Bruno Santiago Jurado Villarreal
434,Angqlica Haro Benavidez
435,Augusto Geronimo Bueno
436,Indira Esmeralda Luna
437,Esteban Navarrete
438,Judith Abril Puga
439,Aldo Sessa Zavala
440,Esparta Cornejo
441,Jose Eduardo Toro
442,Alejandro Patiño
443,Rudra Calvert
444,Hawa Escobar
445,Anastazja Muir
446,Janelle Fields
447,Alfie-James Valenzuela
448,Faiza Lynch
449,Faris Cole
450,Cassia Ferreira
451,Leon Benson
452,Niall Skinner
453,Mira Mora
454,Farhan Wood
455,Cairo Durham
456,Aqsa Broadhurst
457,Rida Berg
458,Sonya Bray
459,Genevieve Yang
460,Prince Knights
461,Peter Buxton
462,Brogan Parra
463,Kyron Bell
464,Om Bull
465,Monty Munoz
466,Caitlin Craft
467,Chardonnay Moody
468,Ruairidh Li
469,Liyah Marsh
470,Braden Edge
471,Javan Bowers
472,Alanah Harris
473,Vivaan Small
474,Elara Christie
475,Jasmin Hobbs
476,Alexandre Kenny
477,Rui Kouma
478,Eryk Hickman
479,Renesmee Bob
480,Gerald Silva
481,Charleigh Needham
482,Mehmet Velazquez
483,Zayne Mccarty
484,Annabel Wainwright
485,Inayah Ferrell
486,Kendall Compton
487,Danial Raymond
488,Abid Cash
489,Karishma Arnold
490,Ikra Bradford
491,Jozef Hicks
492,Conan Dowling
493,Aaryan Duncan
494,Rex Lane
495,Carolina Collier
496,Sanaya Sheppard
497,Kole Sims
498,Gianluca Joseph
499,Yu Mckee
500,Nevaeh Mclaughlin
501,Matei Barry
502,Frazer Bouvet
503,Danniella Allan
504,Ava-May Turner
505,Arwa Mansell
506,Sanya Goodman
507,Abdur Avalos
508,Tasnim Tillman
509,Aeryn Salinas
510,Arjan Emerson
511,Arman Spooner
512,Macaulay Lucas
513,Blane Webber
514,Konrad Morales
515,Cormac Walton
516,Gracey Moyer
517,Mahir Bass
518,Sanjay Beltran
519,Lamar Mahoney
520,Sulayman Copeland
521,Katelin Rogers
522,Shani Tang
523,Kyran Medina
524,Ishaan Shannon
525,Rhys Cartwright
526,Manveer Morin
527,Kelan Alcock
528,Corban Banks
529,Eden Bullock
530,Ehsan Khan
531,Adam Lowe
532,Jaden O'Moore
533,Ferne Taylor
534,Niko Clark
535,Thelma Hinton
536,Gideon Odling
537,Menna Kennedy
538,Audrey Lugo
539,Stewart Hogg
540,Lester Horne
541,Cruz Sharpe
542,Roosevelt Strong
543,Meerab Lam
544,Ellouise Kumar
545,Annabella Feeney
546,Chyna Oakley
547,Ffion Foreman
548,Zakariah Rudd
549,Mateo Suarez
550,Jaxx Howell
551,Lynda Boone
552,Anam Archer
553,Jakub Rogers
554,Mohamad Frye
555,Morris Burn
556,Seb Kline
557,Tarik Underwood
558,Faye Lancaster
559,Leonie Camacho
560,Vinny Simon
561,John-Paul Donnelly
562,Mikail Russo
563,Rubie Nicholls
564,Lynn Werner
565,Zena Lara
566,Javan Guthrie
567,Tabatha Draper
568,Aaliyah Weir
569,Lexi-Mae Hodgson
570,Oriana Connelly
571,Amari Mccarthy
572,Geraldine Richard
573,Ashwin Whiteley
574,Mathilde Winter
575,Phillippa Deleon
576,Kadeem Sanderson
577,Manon Coffey
578,Francis Olson
579,Sameera Owens
580,Shanaya Holmes
581,Fannie Conley
582,Denise Fleming
583,Chanice Mill
584,Arman Lynch
585,Brody Derrick
586,Leslie Clements
587,Clare Corbett
588,Sam Pritchard
589,Ajwa Cash
590,Axel Bouvet
591,Haroon Adams
592,Carolyn Huffman
593,Willow Mcarthur
594,Rickie Dowling
595,Nial Hansen
596,Yasmine Ireland
597,Oliver Dalton
598,Abraham Bradley
599,Cally Plant
600,Lois Cain
601,Tashan Fox
602,Emmanuella Ellison
603,Leonard Mcnally
604,Quinn Novak
605,Raphael Mcdowell
606,Adnaan Bateman
607,Ingrid Barlow
608,Uwais Boyce
609,Luca Greenaway
610,Natan Dillard
611,Anthony Gallegos
612,Frank Brennan
613,Carina Emerson
614,Dawood Neal
615,Katharine Kent
616,Sumayyah Whitley
617,Nida Blackmore
618,Fearne Truong
619,Mahamed Pittman
620,Lukasz Morse
621,Lincoln Coles
622,Divine Abbott
623,Iosif Hampton
624,Abdullah Mahoney
625,Shanelle Stark
626,Arianna Potts
627,Tate Wilder
628,Caleb Lindsey
629,Naveed Bean
630,Che Carr
631,Holly Sharpe
632,Cecilia Sparks
633,Faith Williamson
634,Sid Rayner
635,Faizan Mueller
636,Karol Curtis
637,Dione Britton
638,Humza O'Gallagher
639,Ceara Holloway
640,Jimmy Cook
641,Susannah Dominguez
642,Mehak Savage
643,Pascal Burrows
644,Robin Duggan
645,Monet Bob
646,Kristin Mayer
647,Lynden Calhoun
648,Nisha Cornish
649,Eloise Woodward
650,Liberty Donnelly
651,Latisha Kane
652,Sapphire Mccullough
653,Lavinia Lord
654,Fintan Lester
655,Mateusz Gibbons
656,Sammy-Jo Navarro
657,Ayse Parks
658,Lindsay Allison
659,Avery Mcgee
660,Madeeha Newton
661,Merryn Pritchard
662,Phillip Russo
663,Arda Kay
664,Krish Wright
665,Siena Mcbride
666,Gus Chadwick
667,Tyriq Guerrero
668,Rajan Blankenship
669,Marc Rasmussen
670,Ephraim Mcmillan
671,Davina Whittaker
672,Giovanni Goddard
673,Jai Riley
674,Isaak Farrell
675,Ernest Reid
676,Sia Decker
677,Vincenzo Hopper
678,Irene Brewer
679,Elijah Bloom
680,August Gallegos
681,Rhydian Mclaughlin
682,Lorcan Cousins
683,Angelina Frey
684,Nada Drake
685,Taybah Dalton
686,Mariyah Beasley
687,Rimsha Timms
688,Haseeb Ortega
689,Pheobe Fields
690,Kaia Klein
691,Cinar Long
692,Lorna John
693,Dorothy Dowling
694,Ida Reese
695,Onur Donald
696,Reis Browning
697,Eilidh Wilde
698,Veer Cameron
699,Brett Hanson
700,Finnlay Flower
701,Micheal Weaver
702,Nicola Shah
703,Anais Hester
704,Nicholas Brett
705,Pippa Matthews
706,Jaya Roche
707,Abdi Brock
708,Fahmida Watts
709,Sufyaan Nielsen
710,Tyreke Hayward
711,Arissa Montes
712,Rami Stone
713,Maximilian Phan
714,Ariyah Perry
715,Gaia Howard
716,Kaden Robins
717,Nikita Sutton
718,Cydney Brandt
719,Safia Olson
720,Keyan Bull
721,Eddison Quintero
722,Youssef Merrill
723,Aleisha Duffy
724,Taylor Sexton
725,Jett Mann
726,Ocean Wooten
727,Scarlett-Rose Pratt
728,Tj Mackie
729,Mariella Fleming
730,Ruairidh Dodd
731,Josie Everett
732,Virginia Appleton
733,Trey Henson
734,Manisha Rollins
735,Demi-Leigh Riggs
736,Mason Booker
737,Abel Frye
738,Marlene Alfaro
739,Raphael Stott
740,Safiyyah Salinas
741,Nichola Thompson
742,Evie Payne
743,Imani Cleveland
744,Vivaan Walsh
745,Julie Mora
746,Sherri Kendall
747,Tamera Sutton
748,Skye Sherman
749,Tyrique Page
750,Juliette Schroeder
751,Norman Preece
752,Hamish Bradshaw
753,Cecily Forster
754,Kirsten Naylor
755,Callam Bateman
756,Chantal Gay
757,Mira Sinclair
758,Lilly-Ann Donnelly
759,Ryker Sanders
760,Siena Beltran
761,Helen Millar
762,Lyra Jefferson
763,Lilianna Forrest
764,Rikki Marsden
765,Baran Bostock
766,Lorenzo Munro
767,Dalton Cooke
768,Tommy Villalobos
769,Keiron Simon
770,Esme Ahmad
771,Reanne Key
772,Orla Searle
773,Jamie-Leigh Harris
774,Niamh English
775,Yousaf Buck
776,Shanice Broughton
777,Kalvin Colon
778,Gurdeep Tillman
779,Maureen Rice
780,Ishaaq Huang
781,Talha Wood
782,Dua Alvarado
783,Maurice Lennon
784,Neo Weber
785,Abbie Cook
786,Arian Conway
787,Jay Vance
788,Ayaz O'Connor
789,Ailsa Howells
790,Harlee Black
791,Konrad Mccallum
792,Reyansh Mair
793,Ember Stein
794,Malachy Armitage
795,Sullivan Nelson
796,Summer Shannon
797,Tia Barber
798,Mohamad Mcghee
799,Oliwia Mcgregor
800,Elisa Greaves
801,Reilly Mansell
802,Rogan Whittaker
803,Fiona Smart
804,Alexandre Ramsey
805,Roseanne Mclellan
806,Danial Hammond
807,Sonya Schofield
808,Luke Sloan
809,Samara Noel
810,Nora Moody
811,Zaki Novak
812,Philippa Grimes
813,Jorden Cohen
814,Mica Carney
815,Renae Driscoll
816,Yu Parks
817,Harper-Rose Mcdermott
818,Tyrone Burrows
819,Candice Worthington
820,Shiv Delacruz
821,Christy Nichols
822,Stephanie Easton
823,Yvie Dickerson
824,Maxwell Bonner
825,Wesley Salinas
826,Clementine Wong
827,Ivy-Rose Cox
828,Sohaib Hughes
829,Katharine Woodward
830,Masuma Ochoa
831,Sherry Neale
832,Ioana Henry
833,Khloe Allman
834,Eliott Lord
835,Kimora Samuels
836,Alessandro Ratcliffe
837,Bartlomiej Mustafa
838,Kyran Byrne
839,Dorothy Oliver
840,Ruby-Rose Watkins
841,Aimee Talley
842,Suman Bowers
843,Aniela Kavanagh
844,Bridget Davie
845,Jovan Shaw
846,Isabell Grant
847,Zidan Blevins
848,Divine Johns
849,Giorgio Nichols
850,Celyn Denton
851,Hawa Munoz
852,Sayed Mclellan
853,Melina Mcdougall
854,James Conroy
855,Armani Thatcher
856,Maleeha Humphrey
857,Sana O'Quinn
858,Amiee Mccabe
859,Hamza Norman
860,Ellie-Mae Forbes
861,Lily-Ann Bartlett
862,Riley-Jay Amos
863,Lacie Hagan
864,Fatima Santiago
865,Rosemary Kelly
866,Aislinn Marsden
867,Ellie-Mai Clarkson
868,Sohaib Huber
869,Robson Espinosa
870,Safia Bush
871,Tyreece Wardle
872,Ashley Rangel
873,Corbin Cole
874,Khia Mayer
875,Buster Mueller
876,Leyla Le
877,Zayn Campbell
878,Arjan Ho
879,Donnell Riley
880,Stephan Slater
881,Reema Andrews
882,Fredrick Prosser
883,Andrea Moyer
884,Giuseppe English
885,Jonathan Calderon
886,Yannis Mcneil
887,Levi Piper
888,Kenzie Cairns
889,Aimee Smyth
890,Shamima Farley
891,Lucille Peterson
892,Sierra England
893,Alexandros Burris
894,Campbell Newman
895,Haley Koch
896,Bryce Chase
897,Isabella Morley
898,Simone Short
899,Naima Khan
900,Jamil Buck
901,Justine Dejesus
902,Maximus Cross
903,Marcelina Mustafa
904,Yusra Melendez
905,Ottilie Woods
906,Kerri Mcknight
907,Jonas Lyon
908,Ella-Mae Garrett
909,Ishmael Lowery
910,Anabella Bernal
911,Anya Molloy
912,Arlene Mccall
913,Derrick Fischer
914,Suman Bassett
915,Oriana Greer
916,Bryson Conner
917,Nabil Bannister
918,Haroon Fuentes
919,Asif Mcleod
920,Hajra Xiong
921,Eleanor Jennings
922,Artur Sheldon
923,Alicja Eaton
924,Lloyd Rodriguez
925,Teddy Franks
926,Aaran Strickland
927,Tamsin Mason
928,Mazie Graves
929,Olaf Bass
930,Ammaarah Dunn
931,Zayne Molina
932,Una Nava
933,Bruce Harvey
934,Esha Stanton
935,Malika Mcdowell
936,Angelika Hughes
937,Inaaya Mcloughlin
938,Kayden Wallace
939,Jozef Lutz
940,Annette Carrillo
941,Raheem Jeffery
942,Belle Seymour
943,Adelina Russo
944,Jason Mclellan
945,Kailum Barajas
946,Inez Edge
947,Anas Kelley
948,Amisha Alexander
949,Guy Buck
950,Nuha Denton
951,Jed Chaney
952,Caine Vincent
953,Teagan Talbot
954,Maison Porter
955,Estelle Espinosa
956,Misty Castro
957,Ikrah Coombes
958,Safah Corona
959,Abiha Yates
960,Camden Felix
961,Emily Raymond
962,Elisa Senior
963,Elleanor Wharton
964,Michael Monaghan
965,Riccardo Rossi
966,Keeva Turner
967,Nimra Leblanc
968,Frederic Mclaughlin
969,Heidi Salgado
970,Naveed Berg
971,Storm Church
972,Michelle Woods
973,Jayden-James Frank
974,Maisey Crane
975,Halima Mcgill
976,Wilfred Kerr
977,Milan Sloan
978,Mina Bowler
979,Yasmeen Drake
980,Zayn Esparza
981,Adnaan Pennington
982,Cain Penn
983,Kavan Markham
984,Bayley Howard
985,Lara Langley
986,Brent Jefferson
987,Cooper Potts
988,Norman Byers
989,Ajay Crosby
990,Wilson Wang
991,Eamon West
992,Katya Fuentes
993,Irving Le
994,Hadi Booth
995,Jenna Carrillo
996,Nikolas Delaney
997,Lily-Anne Glenn
998,Francesco Moore
999,Devon Payne
1000,Lenny Clemons
1001,Mariya Mclean
1002,Guto Carson
1003,Lina Esquivel
1004,Ayomide Wagstaff
1005,Brielle Riley
1006,Mateusz Tate
1007,Atif Montoya
1008,Izzy Hills
1009,Gabija Cuevas
1010,Aila Rojas
1011,Kairon Malone
1012,Jaeden Whiteley
1013,Manuel Frazier
1014,Cerys Villanueva
1015,Arlene Shepherd
1016,Marcie Ventura
1017,Rebeca Ortega
1018,Tyreece Ferry
1019,Anisha Thompson
1020,Dulcie Dougherty
1021,Israr Merrill
1022,Aliya Busby
1023,Chandni Lee
1024,Abubakar Kennedy
1025,Aran Mcknight
1026,Braydon Love
1027,Jose Atkinson
1028,Lillie-Mai Strong
1029,Nichole Sampson
1030,Wendy Juarez
1031,Katrina Dorsey
1032,Rupert Trejo
1033,Damian Ingram
1034,Kajal Mohammed
1035,Danyaal Chen
1036,Ashanti Knowles
1037,Abubakr Kane
1038,Riaz Paine
1039,Luke O'Ryan
1040,Inaaya Gibbs
1041,Mari Salas
1042,Vernon Duarte
1043,Ilayda Rooney
1044,Michael Elliott
1045,Kunal Harding
1046,Lilia Irwin
1047,Ayub Stanley
1048,Roseanne Legge
1049,Tabitha Weber
1050,Simran Coombes
1051,Don Lowry
1052,Pia Lozano
1053,Wilf Palacios
1054,Jamaal Brown
1055,Fahim Watts
1056,Jaydn Martin
1057,Reggie Whitfield
1058,Jesse Drake
1059,Amanda Frame
1060,Elise Lucero
1061,Hester Finnegan
1062,Sarah-Jane Magana
1063,Taslima Wilks
1064,Scott Morales
1065,Axel Coulson
1066,Drew Khan
1067,Danial Christian
1068,Jemima Mcleod
1069,Pixie Sawyer
1070,Chance Wynn
1071,Jamie-Leigh Hills
1072,Phillipa Pena
1073,Sabah Tait
1074,Angelina Kirk
1075,Hafsa Rosas
1076,Klara Dean
1077,Gus Hood
1078,Gracie-Mae Bowman
1079,Tylor Kavanagh
1080,Iestyn Pate
1081,Khalid Lin
1082,Kristin Harrington
1083,Emme Mccullough
1084,Eamonn Frank
1085,Gabrielle Simons
1086,Nicola Goldsmith
1087,Franklin Charles
1088,Annabel Bryant
1089,Eman Marsden
1090,Tony Guerra
1091,Elleanor Lovell
1092,Darcey Sampson
1093,Ishmael Figueroa
1094,Pawel Cantu
1095,Tayah Welch
1096,Kwabena Velez
1097,Erika Swanson
1098,Mikaela French
1099,Simeon Sutherland
1100,Karl Brooks
1101,Kayne Mcguire
1102,Giacomo Anderson
1103,Jax Regan
1104,Emilee Sheppard
1105,Velma Douglas
1106,Mya Woodward
1107,Rhea Lake
1108,Randy Irvine
1109,Sofie Cooper
1110,Ella-Louise Tierney
1111,Mohammad Hernandez
1112,Fardeen Terrell
1113,Cassia Barrera
1114,Clinton Kennedy
1115,Pranav Strong
1116,Tamera Perry
1117,Rahim Rios
1118,Daanyaal Preece
1119,Kien Herbert
1120,Jackson Avalos
1121,Aiysha Holding
1122,Emre Devine
1123,Conah Reeve
1124,Raihan Shannon
1125,Farhaan Zamora
1126,Arlene Larsen
1127,Chelsea Carson
1128,Dario Keith
1129,Austen Pacheco
1130,Agnes Greene
1131,Kyle Mcfarland
1132,Casper Franco
1133,Milena Burt
1134,Blessing Cortes
1135,Kaif Henry
1136,Ayva Lott
1137,Eathan Abbott
1138,Larry Bass
1139,Bronwen Fountain
1140,Scarlet Rodriquez
1141,Aviana Bond
1142,Rida Huynh
1143,Chad Quintero
1144,Miguel Downs
1145,Axel Woods
1146,Ella-May Jeffery
1147,Mahi Gentry
1148,Yasmin Schofield
1149,Yash Arnold
1150,Samara Garrison
1151,Danielius Joseph
1152,Yousif Mcknight
1153,Hina Daniel
1154,Lucas Coulson
1155,Koa Meyers
1156,Irene Houston
1157,Ross Bartlett
1158,Laibah Sharma
1159,Lilia Morrow
1160,Umer Escobar
1161,Mahad Wilks
1162,Faizan Spencer
1163,Maureen York
1164,Renae Liu
1165,Ayrton Hibbert
1166,Cade Hamer
1167,Jacque Gregory
1168,Alan Davison
1169,Carly Christensen
1170,Hassan Alfaro
1171,Victor Oconnell
1172,Ann Hoffman
1173,Jozef Leech
1174,Albert Andrade
1175,Alessandro Armitage
1176,Vihaan Samuels
1177,Zidan Mosley
1178,Corben Whitmore
1179,Chance Burton
1180,Dominika Mackie
1181,Eoghan Whittle
1182,Hunter Clegg
1183,Millicent Ellison
1184,Tobey Bean
1185,Saskia Vaughan
1186,Asia Mclean
1187,Dylan Bloggs
1188,Martin Wood
1189,Zarah Avila
1190,Kameron Parsons
1191,Persephone Hudson
1192,Ashleigh Patton
1193,Ryder Berger
1194,Benas Lam
1195,Dolly Cairns
1196,Hollie Read
1197,Kory Peel
1198,Johnnie Sexton
1199,Luka Mays
1200,Hugo Haynes
1201,Ellise Berry
1202,Luke Graham
1203,Ailish Ferrell
1204,Sneha Macgregor
1205,Sienna-Rose Bass
1206,Arsalan Acosta
1207,Izabella Devlin
1208,Dainton Hubbard
1209,Billy Burrows
1210,Dominik Christie
1211,Kenya Chamberlain
1212,Aamina Adam
1213,Emir Dalton
1214,Ramone William
1215,Nolan Davila
1216,Aimee Hendricks
1217,Shoaib Ford
1218,Erik Mayo
1219,Yasir Talley
1220,Rae Singleton
1221,Charley Mcfarlane
1222,Henri Wilson
1223,Safia Villa
1224,Nancie Chapman
1225,Brennan Richardson
1226,Ayda Bates
1227,Shana Blankenship
1228,Elleanor Michael
1229,Maksymilian Jacobs
1230,Aleeza White
1231,Garrett Goodwin
1232,Zhane Love
1233,Joss Barber
1234,Leyla Phan
1235,Diane Skinner
1236,Shazia Henry
1237,Noah Zuniga
1238,Madina Salter
1239,Rudra Blackburn
1240,Teegan Caldwell
1241,Umayr Lees
1242,Ty Tierney
1243,Haniya Neale
1244,Addison Crowther
1245,Luc Kane
1246,Sherri Weeks
1247,Estelle Ayala
1248,Eliot Gibson
1249,Akram Pena
1250,Skyla Ferrell
1251,Eshaan Simon
1252,Rhian Flowers
1253,Alastair Carey
1254,Allegra Melendez
1255,Haydon Frame
1256,Sahil Blackwell
1257,Ami Estrada
1258,Zander Barron
1259,Phillipa Jensen
1260,Vicki Walmsley
1261,Charlotte Mercer
1262,Brennan Bone
1263,Sama Perry
1264,Jared Keller
1265,Vera Brown
1266,Cinar Brady
1267,Karen Oneil
1268,Gethin Wormald
1269,Andreea Knapp
1270,Gabriel Jones
1271,Devante Ortiz
1272,Alisa Potter
1273,Zahrah Graves
1274,Sophie-Louise Rollins
1275,Billy-Joe Duffy
1276,Elisha Ellis
1277,Grayson Phelps
1278,Elizabeth Derrick
1279,Kennedy Salgado
1280,Wilbur Zuniga
1281,Sulayman Mustafa
1282,Tye Gilliam
1283,Alexandria Farmer
1284,Caoimhe Chavez
1285,Isaac Huber
1286,Kloe Shaffer
1287,Kyan Phillips
1288,Kareem Espinoza
1289,Layla-Mae Knight
1290,Arthur Huffman
1291,Issa Rankin
1292,Sahra Leon
1293,Edan Schmidt
1294,Marc Gilmore
1295,Breanna Landry
1296,Sheila Duarte
1297,Neel Wilson
1298,Kayson Tran
1299,Zuzanna Morrison
1300,Divine Hardy
1301,Mohamed Slater
1302,Nicholas Bernard
1303,Dainton Calvert
1304,Poppy-Rose Read
1305,Nabeel Acevedo
1306,Riyad Raymond
1307,Macauley Sexton
1308,Diogo Baker
1309,Kory Fernandez
1310,Edward Humphries
1311,Paige Jaramillo
1312,Kamil Clayton
1313,Cassie Benton
1314,Teri Finch
1315,Sophia Berg
1316,Fleur Salazar
1317,Arissa Bowler
1318,Mitchel Chen
1319,Lynsey Redmond
1320,Jamaal Glover
1321,Paloma Hahn
1322,Lacie-Mae Ray
1323,Rumaysa Smart
1324,Abel Potts
1325,Ciara Prosser
1326,Kara Vinson
1327,Amina Christensen
1328,Aqib Horton
1329,Kingston Oconnor
1330,Gerald Mosley
1331,Herman Fitzpatrick
1332,Isla-Rose Travis
1333,Elsa Findlay
1334,Henley Salt
1335,Amira Duran
1336,Vincent Velasquez
1337,Deborah Mcdowell
1338,Cheyenne Tillman
1339,Leen Proctor
1340,Kirsten Ashton
1341,Gary Hodges
1342,Lylah Lindsay
1343,Phebe Thorne
1344,Will Compton
1345,Ceara Branch
1346,Dania Baldwin
1347,Zainab Leigh
1348,Yasemin Strickland
1349,Lori Crawford
1350,Elana Thomson
1351,Kya Wall
1352,Jaidan Sparrow
1353,Wiktoria Ferreira
1354,Rebecca Rice
1355,Amman Rivera
1356,Lillian Maguire
1357,Jada Fisher
1358,Conna Hartley
1359,Tillie Devine
1360,Iestyn Henry
1361,Eileen Wolf
1362,Barbara Norman
1363,Pollyanna Estrada
1364,Chris Bonner
1365,Romany Finnegan
1366,Malakai Hanson
1367,Henley Knox
1368,Kathy Fernandez
1369,Leland Pritchard
1370,Luke Mcneil
1371,Jez Vinson
1372,Miya Thorpe
1373,Devante Sumner
1374,Saxon Beach
1375,Wilson Norris
1376,Havin Johnson
1377,Virgil Gough
1378,Anam North
1379,Kealan Franco
1380,Elena Donald
1381,Sophia Miles
1382,Ines Swanson
1383,Zac Tierney
1384,Rachael Mccartney
1385,Zubair Odonnell
1386,Tiarna Short
1387,Wilma Reese
1388,Kendal Valdez
1389,Noa Rocha
1390,Charlize Alcock
1391,Ben Randolph
1392,Grover Ferrell
1393,Kristie Buckley
1394,Melina Osborn
1395,Misha Mathews
1396,Aeryn Kaiser
1397,Woody Banks
1398,Tamara Meyers
1399,Cavan Howells
1400,Bret Emerson
1401,Miles Boyle
1402,Haiden Grimes
1403,Mohsin Suarez
1404,Milosz Walton
1405,Erin Reyes
1406,Emmett Wu
1407,Scott Dupont
1408,Akshay Childs
1409,Riya Nichols
1410,Aleesha Gonzalez
1411,Blanche Irwin
1412,Kaleb Buck
1413,Ernest Delaney
1414,Patsy Whitworth
1415,Esme-Rose Bouvet
1416,Diego Rivas
1417,Raife Cisneros
1418,Coral Fischer
1419,Ananya Proctor
1420,Farrell Ochoa
1421,Alivia Harmon
1422,Sofie Frame
1423,Ember Barclay
1424,Adyan Gaines
1425,Mikaeel Sharp
1426,Eshan Lamb
1427,Lola Clayton
1428,Oliver Tanner
1429,Theia Nash
1430,Reema Cox
1431,Sherri Holden
1432,Cheryl Houghton
1433,Zephaniah Hicks
1434,Carmel Camacho
1435,Ailish Rosas
1436,Amalia Broadhurst
1437,Nolan Connelly
1438,Oriana Richmond
1439,Sabrina Flynn
1440,Ava Magana
1441,Samera Espinoza
1442,Lucinda Mooney
1443,Connagh Turnbull
1444,Shantelle Mejia
1445,Aneesah Meyer
1446,George Costa
1447,Ellesha Alford
1448,Marcel Dillon
1449,Imaad Barnes
1450,Habib Wagner
1451,Aanya Pham
1452,Chanel Brock
1453,Khalid Watson
1454,Talha Maguire
1455,Tasha Ridley
1456,Eliana O'Quinn
1457,Norma Robin
1458,Jaxson Legge
1459,Montel Crane
1460,Ammarah Willis
1461,Noel Warren
1462,Mahi Dupont
1463,Holli Jaramillo
1464,Aleyna Curry
1465,Tyson East
1466,Tonya Wilkins
1467,Nafeesa Boyle
1468,Jameel Quinn
1469,Alia Daniels
1470,Miyah Donald
1471,Koa Le
1472,Raiden Cairns
1473,Angus Plummer
1474,Julie Rodriquez
1475,Cristian Barron
1476,Lyle Pate
1477,Tobias Partridge
1478,Sarah-Jane Cherry
1479,Lynsey Sears
1480,Shakeel Lam
1481,Kelvin Cervantes
1482,Denise Gordon
1483,Irfan Dickinson
1484,Alastair Wilkes
1485,Brandi Stamp
1486,Fenella Wickens
1487,Emilija Stewart
1488,Melina Briggs
1489,Teegan Hooper
1490,Sahara Hess
1491,Filip Ortega
1492,Benito Beaumont
1493,Frances Young
1494,Padraig Humphreys
1495,Ameena Wallace
1496,Bailey Hamilton
1497,Ace Walton
1498,Beverley Sharp
1499,Shay Baird
1500,Uzma Green
1501,Alishba Potter
1502,Suzanna Bean
1503,Theia Churchill
1504,Francesco Parrish
1505,Ariana Cleveland
1506,Izabel Jeffery
1507,Macy Mueller
1508,Kabir Hurst
1509,Zayna Mill
1510,Christian Rosales
1511,Ibrahim O'Reilly
1512,Franklin Whitney
1513,Wilson Huff
1514,Ayana Decker
1515,Hana Vu
1516,Alejandro Trujillo
1517,Ayomide Hutton
1518,Zion Hampton
1519,Jett Becker
1520,Radhika Dudley
1521,John-James Hood
1522,Gwion Chan
1523,Komal Stephenson
1524,Dennis Haynes
1525,Kieran Mcmanus
1526,Kean Nicholls
1527,Tai Robles
1528,Ayush Moss
1529,Etienne Butler
1530,Caolan Espinoza
1531,Clementine Sheldon
1532,Enya Boone
1533,Zayd Fellows
1534,Emmie Talley
1535,Sachin Jenkins
1536,Roxy Mccall
1537,Danica Cardenas
1538,Poppy Leon
1539,Cai Gallagher
1540,Ashton Branch
1541,Huma Newton
1542,Ernest Rollins
1543,Rayan Hewitt
1544,Musa Rayner
1545,Kason Jenkins
1546,Garin Hills
1547,Cooper Lucas
1548,Aronas Hatfield
1549,Huma Valentine
1550,Suzannah Mcphee
1551,Nelly Moyer
1552,Nadia Bush
1553,Noah Dotson
1554,Daniella Medrano
1555,Marwa Hopkins
1556,Hajrah Hansen
1557,Eloise Hinton
1558,Arlo Fraser
1559,Zack Tang
1560,Maddison Chung
1561,Maisey Lawrence
1562,Zubair Kay
1563,Eben Power
1564,Elizabeth Yu
1565,Phillipa Archer
1566,Bilaal Novak
1567,Ananya Sherman
1568,Aston Berg
1569,Alexa Henderson
1570,Aairah Larsen
1571,Christos Sharma
1572,Betty Whittington
1573,Adnaan Corona
1574,Raya Dejesus
1575,Eric Caldwell
1576,Lillie-May Hammond
1577,Vivienne Herrera
1578,Rea Alvarado
1579,Tymon Gaines
1580,Janelle Dickerson
1581,Tianna Sharp
1582,Maariya Wagstaff
1583,Joao Blundell
1584,Anabella Ramirez
1585,Aleksandra Pena
1586,Chante Frederick
1587,Maksim Booker
1588,Alivia Ball
1589,Cari Fields
1590,Veronica Ali
1591,Maiya Stout
1592,Judah Buck
1593,Fabio Hooper
1594,Ryan David
1595,Darcie-Mae Dowling
1596,Inigo Haley
1597,Deborah Dunne
1598,Kendal Mcfadden
1599,Charis Lin
1600,Chantel Hayden
1601,Nazia Redfern
1602,Tabatha Flores
1603,Bella-Rose Hussain
1604,Evelina Galindo
1605,Yuvaan Roberson
1606,Rahima Lowry
1607,Caitlin Blair
1608,Fabian Walls
1609,Miguel Crane
1610,Lia Humphrey
1611,Sheena Perry
1612,Emme Fischer
1613,Isra Pruitt
1614,Nuha Davila
1615,Halimah Chaney
1616,Matthias Waller
1617,Maisha Davis
1618,Oluwatobiloba Mac
1619,Lewie Pearson
1620,Kayden Gunn
1621,Ellen Downes
1622,Axl Hahn
1623,Thelma Anthony
1624,Siyana Oneal
1625,Harriet Carpenter
1626,Jason Devlin
1627,Meredith Mcclure
1628,Olly Kaufman
1629,Aminah Kennedy
1630,Juliet Dennis
1631,Deon Mcneill
1632,Dilan Steele
1633,Fardeen Whittle
1634,Clarissa Dougherty
1635,Yousuf Draper
1636,Ishaan Webber
1637,Remi Barnes
1638,Kamran Bull
1639,Chandler Chandler
1640,Julius Roche
1641,Amiyah Short
1642,Marwah Lester
